autonumber,station_name,station_desc,sample_datetime,sample_datetime_utc,enterococcus_value,tide_range_8665530,tide_hi_8665530,tide_lo_8665530,tide_stage_8665530,tide_range_TEC3127,tide_hi_TEC3127,tide_lo_TEC3127,moon_percent_illumination,moon_phase_angle,carocoops_CAP2_buoy_avg_salinity,carocoops_CAP2_buoy_avg_water_temperature,carocoops_FRP2_buoy_avg_salinity,carocoops_FRP2_buoy_avg_water_temperature,folly_creek_nexrad_summary_24,folly_creek_nexrad_summary_48,folly_creek_nexrad_summary_72,folly_creek_nexrad_summary_96,folly_creek_nexrad_summary_120,folly_creek_nexrad_summary_144,folly_creek_nexrad_summary_168,folly_creek_nexrad_summary_192,folly_creek_nexrad_dry_days_count,folly_creek_nexrad_rainfall_intensity,folly_creek_nexrad_total_1_day_delay,folly_creek_nexrad_total_2_day_delay,folly_creek_nexrad_total_3_day_delay,atlantic_nexrad_summary_24,atlantic_nexrad_summary_48,atlantic_nexrad_summary_72,atlantic_nexrad_summary_96,atlantic_nexrad_summary_120,atlantic_nexrad_summary_144,atlantic_nexrad_summary_168,atlantic_nexrad_summary_192,atlantic_nexrad_dry_days_count,atlantic_nexrad_rainfall_intensity,atlantic_nexrad_total_1_day_delay,atlantic_nexrad_total_2_day_delay,atlantic_nexrad_total_3_day_delay
1,TRI-064,Center St,2005-04-19 12:10:00-04:00,2005-04-19 16:10:00+00:00,10.00,3.757,4.772,1.015,2000,3.66156,4.67656,1.015,0.721032772492,63.7642545263,,,,,0.0,0.0,0.0,0.0,0.0,0.898749373363,1.02126513733,1.02126513733,5,0.0,0.0,0.0,0.0,0.0,0.0,0.0,0.0,0.0,0.456980064621,0.76406901029,0.76406901029,5,0.0,0.0,0.0,0.0
2,TRI-064,Center St,2005-05-03 11:49:00-04:00,2005-05-03 15:49:00+00:00,10.00,5.21,5.776,0.566,2000,5.09448,5.66048,0.566,0.308225484457,112.553691836,,,,,0.0,0.0,0.0183691604386,0.0183691604386,0.0183691604386,0.0183691604386,0.0481701346852,0.128165524223,2,0.0,0.0,0.0183691604386,0.0,0.0,0.0,0.0275039710671,0.0275039710671,0.0275039710671,0.0275039710671,0.0752815056006,0.140921946626,2,0.0,0.0,0.0275039710671,0.0
3,TRI-064,Center St,2005-05-17 12:48:00-04:00,2005-05-17 16:48:00+00:00,199.00,4.022,4.791,0.769,2200,3.92618,4.69518,0.769,0.561283468403,82.9597289399,,,,,0.213532301787,0.292794520971,0.292794520971,0.292794520971,0.292794520971,0.292794520971,0.293864056846,0.293864056846,0,0.00903952922763,0.0792622191845,0.0,0.0,0.140374327583,0.211824966319,0.211824966319,0.211824966319,0.211824966319,0.211824966319,0.213289896989,0.213289896989,0,0.00660278888009,0.0714506387354,0.0,0.0
4,TRI-064,Center St,2005-05-18 14:43:00-04:00,2005-05-18 18:43:00+00:00,30.00,4.022,5.103,1.081,2200,3.91994,5.00094,1.081,0.656177890727,71.7987416863,,,,,0.115132132092,0.468939355959,0.651561973459,0.651561973459,0.651561973459,0.651561973459,0.651561973459,0.652631509333,0,0.0121848107333,0.353807223866,0.1826226175,0.0,0.0894363488687,0.259030327883,0.360222591024,0.360222591024,0.360222591024,0.360222591024,0.360222591024,0.361687521693,0,0.00757227344852,0.169593979014,0.101192263141,0.0
5,TRI-064,Center St,2005-06-06 10:38:00-04:00,2005-06-06 14:38:00+00:00,10.00,6.125,6.143,0.018,4100,6.00214,6.02014,0.018,0.00933314599905,168.912221606,,,,,0.07590086975,0.0760185374,0.37960336002,0.507944013643,0.83990152973,1.68733907605,1.69689467106,2.18150717352,0,0.00642627016865,0.000117667650003,0.30358482262,0.128340653623,0.00867659252543,0.00874225056904,0.254766642717,0.396357312103,0.859857138331,1.59772114792,1.59917295078,1.85906274596,0,0.000612181475383,6.56580436175e-05,0.246024392148,0.141590669386
6,TRI-064,Center St,2005-06-21 13:57:00-04:00,2005-06-21 17:57:00+00:00,10.00,6.515,7.081,0.566,,6.37338,6.93938,0.566,0.978713472255,16.7786872819,,,,,0.0,0.865384590186,1.33379908103,1.43130246534,1.43130246534,1.43130246534,1.43130246534,1.43130246534,1,0.0,0.865384590186,0.468414490839,0.097503384311,0.0,0.418729131222,0.938367903362,1.18309310837,1.18309310837,1.18309310837,1.18309310837,1.18309310837,1,0.0,0.418729131222,0.51963877214,0.244725205005
7,TRI-064,Center St,2005-07-11 13:33:00-04:00,2005-07-11 17:33:00+00:00,10.00,5.102,5.681,0.579,4100,4.98838,5.56738,0.579,0.173973744109,130.696531812,,,,,0.0146868066439,0.103347445685,0.162723134429,0.210919501774,0.210919501774,0.402856020808,0.402856020808,0.962288480157,0,0.00207247048506,0.0886606390415,0.059375688744,0.0481963673443,0.0233608376927,0.117619867754,0.140030264107,0.262017278224,0.262017278224,0.366527143104,0.366527143104,0.824717992625,0,0.00247235398741,0.0942590300613,0.0224103963533,0.121987014117
8,TRI-064,Center St,2005-07-25 11:37:00-04:00,2005-07-25 15:37:00+00:00,10.00,7.011,6.793,-0.218,2300,6.87514,6.65714,-0.218,0.82301732904,49.756705028,,,,,0.0,0.0,0.202251848597,0.202251848597,0.202251848597,0.202251848597,0.202251848597,0.202251848597,2,0.0,0.0,0.202251848597,0.0,0.0,0.0,0.141686950054,0.141686950054,0.141686950054,0.141686950054,0.141686950054,0.141686950054,2,0.0,0.0,0.141686950054,0.0
9,TRI-064,Center St,2005-08-09 12:27:00-04:00,2005-08-09 16:27:00+00:00,20.00,4.932,5.599,0.667,4000,4.82002,5.48702,0.667,0.131424852862,137.489226821,,,,,0.22996324612,1.00195523742,1.24252682903,1.38969977429,1.38969977429,1.38969977429,1.39912108481,1.43405471691,0,0.0121688818693,0.771991991297,0.24057159161,0.147172945266,0.184562952495,0.719848868733,0.899192597629,1.30736842718,1.30736842718,1.30736842718,1.31367532706,1.35012396463,0,0.00710287342713,0.535285916238,0.179343728897,0.408175829548
10,TRI-064,Center St,2005-08-22 13:51:00-04:00,2005-08-22 17:51:00+00:00,10.00,7.152,6.655,-0.497,4100,7.0189,6.5219,-0.497,0.926241090329,31.5173197933,,,,,0.0167655823842,0.0167655823842,0.0339918275542,0.129287174716,0.60143963171,0.60143963171,0.629359196767,0.731182874266,0,0.00354871302168,0.0,0.01722624517,0.0952953471619,0.0,0.0,0.027795085107,0.49322702707,0.920590810774,0.920590810774,0.926039959516,0.937404225252,2,0.0,0.0,0.027795085107,0.465431941963
11,TRI-064,Center St,2006-04-19 12:11:00-04:00,2006-04-19 16:11:00+00:00,10.00,5.171,5.93,0.759,2300,5.0524,5.8114,0.759,0.729179682836,62.7187090604,33.428325,18.8447166667,33.0223333333,18.7001916667,0.00356875942396,0.127877191842,0.127877191842,0.127877191842,0.127877191842,0.127877191842,0.127877191842,0.127877191842,0,0.000755387003496,0.124308432418,0.0,0.0,0.000636030745259,0.104424682741,0.104424682741,0.104424682741,0.104424682741,0.104424682741,0.104424682741,0.104424682741,0,0.000269252870096,0.103788651995,0.0,0.0
12,TRI-064,Center St,2006-05-09 11:47:00-04:00,2006-05-09 15:47:00+00:00,10.00,4.337,5.451,1.114,4300,4.22798,5.34198,1.114,0.829830988787,48.7259016254,,,33.2060166667,21.0830833333,0.0,0.491248899315,0.491248899315,0.701612812562,0.701612812562,0.701612812562,0.701612812562,0.701612812562,1,0.0,0.491248899315,0.0,0.210363913248,0.0,0.64696687938,0.64696687938,0.868900012143,0.868900012143,0.868900012143,0.868900012143,0.868900012143,1,0.0,0.64696687938,0.0,0.221933132762
13,TRI-064,Center St,2006-05-24 10:48:00-04:00,2006-05-24 14:48:00+00:00,10.00,6.729,6.543,-0.186,4300,6.59814,6.41214,-0.186,0.130277622149,137.684138734,33.171625,22.6903166667,33.004575,23.4747666667,0.0,0.0214864044446,0.0236428475623,0.0236428475623,0.0236428475623,0.0247766939849,0.0247766939849,0.0247766939849,1,0.0,0.0214864044446,0.00215644311768,0.0,0.0,0.0386508354008,0.0464334381929,0.0464334381929,0.0464334381929,0.0464334381929,0.0464334381929,0.0464334381929,1,0.0,0.0386508354008,0.00778260279212,0.0
14,TRI-064,Center St,2006-06-20 10:30:00-04:00,2006-06-20 14:30:00+00:00,10.00,5.446,5.595,0.149,2000,5.3341,5.4831,0.149,0.342956764811,108.30567366,33.6931083333,26.859425,,,0.000469926823183,0.000469926823183,0.000469926823183,0.000469926823183,0.000469926823183,0.000469926823183,1.32208585292,1.35067866728,0,0.000198935581055,0.0,0.0,0.0,0.0,0.0,0.0,0.0,0.0,0.0,1.20960297506,1.22357454591,6,0.0,0.0,0.0,0.0
15,TRI-064,Center St,2006-07-11 11:40:00-04:00,2006-07-11 15:40:00+00:00,10.00,6.792,6.265,-0.527,4200,6.6667,6.1397,-0.527,0.998056031235,5.05403306474,35.5596666667,26.9798,,,0.000203401162273,0.000203401162273,0.000203401162273,0.000203401162273,0.355917868844,0.355917868844,0.355917868844,0.355917868844,0,8.61064455314e-05,0.0,0.0,0.0,0.0,0.0,0.0,0.0,0.40675309497,0.40675309497,0.40675309497,0.40675309497,4,0.0,0.0,0.0,0.0
16,TRI-064,Center St,2006-07-25 12:10:00-04:00,2006-07-25 16:10:00+00:00,10.00,6.165,5.553,-0.612,4200,6.05394,5.44194,-0.612,0.00175261202209,175.201312584,35.0807333333,29.7553,,,0.331597363501,0.610927521285,0.754313504096,0.756839623176,0.756839623176,0.756839623176,0.756839623176,0.756839623176,0,0.0233960235687,0.279330157784,0.143385982811,0.00252611908071,0.53063506433,0.696439867159,0.713846877622,0.724365110628,0.724365110628,0.724365110628,0.724365110628,0.724365110628,0,0.0374392315439,0.165804802829,0.0174070104635,0.0105182330055
17,TRI-064,Center St,2006-08-08 12:51:00-04:00,2006-08-08 16:51:00+00:00,10.00,6.476,6.422,-0.054,4300,6.34756,6.29356,-0.054,0.968284873043,20.516753692,35.8886833333,29.4477,,,0.0,0.0,0.0,0.0,0.0,0.0,0.0,0.0,9,0.0,0.0,0.0,0.0,0.0,0.0,0.0,0.0,0.0,0.0,0.0,0.0,9,0.0,0.0,0.0,0.0
18,TRI-064,Center St,2006-10-03 13:07:00-04:00,2006-10-03 17:07:00+00:00,10.00,5.463,6.107,0.644,2100,5.34086,5.98486,0.644,0.768688394228,57.4947566182,34.4578916667,25.3396666667,34.7811083333,25.9676333333,0.0,0.0,0.0,0.0,0.000393701,0.23363649091,0.23363649091,0.25149768729,4,0.0,0.0,0.0,0.0,0.0,0.0,0.0,0.0,0.000353816161591,0.216795240694,0.216795240694,0.268059585549,4,0.0,0.0,0.0,0.0
19,TRI-064,Center St,2007-05-14 12:55:00-04:00,2007-05-14 16:55:00+00:00,10.00,5.502,6.639,1.137,,5.36922,6.50622,1.137,0.115496194193,140.264856693,35.3032083333,21.8732583333,35.051675,21.99235,0.0322899214682,0.033921288493,0.033921288493,0.033921288493,0.035907079931,0.947587919889,0.947587919889,0.947587919889,0,0.00455646423558,0.00163136702477,0.0,0.0,0.0163742236151,0.0164301054976,0.0164301054976,0.0164301054976,0.022415082614,0.885090323312,0.885090323312,0.885090323312,0,0.00231058364019,5.58818825326e-05,0.0,0.0
20,TRI-064,Center St,2007-05-21 13:38:00-04:00,2007-05-21 17:38:00+00:00,10.00,5.987,6.051,0.064,4000,5.86598,5.92998,0.064,0.221736360754,123.815974487,35.0516083333,22.0480833333,34.636275,22.5845833333,0.0,0.0,0.0,0.0906165986321,0.14618517116,0.14618517116,0.14618517116,0.178475092629,3,0.0,0.0,0.0,0.0906165986321,0.0,0.0,0.0,0.0830835470148,0.122643883413,0.122643883413,0.122643883413,0.139018107028,3,0.0,0.0,0.0,0.0830835470148
21,TRI-064,Center St,2007-06-05 12:24:00-04:00,2007-06-05 16:24:00+00:00,10.00,5.794,5.618,-0.176,4000,5.68164,5.50564,-0.176,0.844930896312,46.3808304474,34.370825,24.2068583333,34.5707666667,24.4512083333,0.0,0.00201081417875,1.21518818575,1.58924943992,1.58924943992,1.58924943992,1.58924943992,1.58924943992,1,0.0,0.00201081417875,1.21317737157,0.374061254172,0.0,0.00100998321835,1.26781992427,1.62620837361,1.62620837361,1.62620837361,1.62620837361,1.62620837361,1,0.0,0.00100998321835,1.26680994105,0.35838844934
22,TRI-064,Center St,2007-06-18 13:06:00-04:00,2007-06-18 17:06:00+00:00,10.00,6.332,6.307,-0.025,4100,6.20586,6.18086,-0.025,0.103017297514,142.557644477,34.972575,25.7873583333,34.5642,26.2590416667,0.0,0.0,0.256272133915,0.351439887197,0.859562589373,0.94195259902,1.3747295295,1.3747295295,2,0.0,0.0,0.256272133915,0.0951677532819,0.0,0.0,0.263013131172,0.312725768914,0.58557909931,0.597412837293,0.961159745413,0.961267409778,2,0.0,0.0,0.263013131172,0.0497126377425
23,TRI-064,Center St,2007-07-10 12:34:00-04:00,2007-07-10 16:34:00+00:00,10.00,6.831,6.304,-0.527,2100,6.70492,6.17792,-0.527,0.247828523663,120.287745807,34.3933166667,27.8760583333,34.3511666667,27.89585,0.0105908923813,0.0549936951828,0.643289021213,0.645938365615,0.645938365615,0.645938365615,0.646677717541,0.650671997219,0,0.00149449178455,0.0444028028015,0.588295326031,0.00264934440172,0.0044342008907,0.0509051023349,0.578043671706,0.580866967582,0.580866967582,0.580866967582,0.581654864105,0.599031254933,0,0.00062571467669,0.0464709014442,0.527138569371,0.00282329587555
24,TRI-064,Center St,2007-07-24 13:41:00-04:00,2007-07-24 17:41:00+00:00,63.00,4.593,5.667,1.074,2200,4.47966,5.55366,1.074,0.662746324285,71.0045753825,35.5281416667,26.806925,34.7899333333,28.1722166667,0.0,0.0,0.0,0.30325715402,0.30325715402,0.30325715402,0.30325715402,0.30325715402,3,0.0,0.0,0.0,0.30325715402,0.0,0.0,0.0,0.243330190061,0.243330190061,0.243330190061,0.243330190061,0.243330190061,3,0.0,0.0,0.0,0.243330190061
25,TRI-064,Center St,2007-08-06 13:14:00-04:00,2007-08-06 17:14:00+00:00,20.00,6.086,5.868,-0.218,2300,5.96864,5.75064,-0.218,0.488600311449,91.3064212823,34.503425,28.6914916667,34.1178666667,29.010875,0.0,0.0,1.36154647025,3.27474511288,3.27474511288,3.27913909104,4.54642217345,4.54642217345,2,0.0,0.0,1.36154647025,1.91319864263,0.0,0.0,1.31271486821,3.52720748732,3.52720748732,3.53043601113,4.51428688458,4.5152849018,2,0.0,0.0,1.31271486821,2.21449261911
26,TRI-064,Center St,2007-08-20 11:45:00-04:00,2007-08-20 15:45:00+00:00,10.00,4.206,5.097,0.891,2200,4.10406,4.99506,0.891,0.40673027409,100.75089904,34.4915166667,29.8615166667,34.1611083333,30.188975,0.0,0.0,0.0,0.0610568575203,0.0610568575203,0.0610568575203,0.0624123360514,0.0624123360514,3,0.0,0.0,0.0,0.0610568575203,0.00212426781239,0.00212426781239,0.00212426781239,0.00749995088167,0.00749995088167,0.00749995088167,0.00894442784126,0.00894442784126,0,0.000899272888303,0.0,0.0,0.00537568306928
27,TRI-064,Center St,2007-09-11 11:35:00-04:00,2007-09-11 15:35:00+00:00,10.00,5.882,5.746,-0.136,4100,5.76708,5.63108,-0.136,0.00280917993829,173.923605637,34.5361416667,27.9366083333,33.6241333333,28.2110833333,0.0,0.0,0.0,0.0,0.0,0.0,0.0,0.0,8,0.0,0.0,0.0,0.0,0.0,0.0,0.0,0.0,0.0,0.0,0.0,0.0,8,0.0,0.0,0.0,0.0
28,TRI-064,Center St,2007-09-25 11:50:00-04:00,2007-09-25 15:50:00+00:00,20.00,6.201,6.872,0.671,4200,6.06356,6.73456,0.671,0.953431786225,24.9245437269,34.8968583333,26.438075,34.1990583333,26.3323833333,0.000477046870044,0.000477046870044,0.000624337366862,0.0156250060448,0.0439096135954,0.99322367146,0.99322367146,0.99322367146,0,0.000201949732599,0.0,0.000147290496818,0.0150006686779,6.27248392483e-05,6.27248392483e-05,6.27248392483e-05,0.0609430098383,0.0838470706742,1.20751320518,1.20751320518,1.20751320518,0,2.65535009429e-05,0.0,0.0,0.0608802849991
29,TRI-064,Center St,2007-10-08 12:26:00-04:00,2007-10-08 16:26:00+00:00,10.00,5.233,6.163,0.93,4300,5.10974,6.03974,0.93,0.093973488505,144.297005042,35.4478916667,25.6283416667,34.612575,25.4199666667,0.0,0.0,0.0725694464948,0.252810584091,2.25344705015,2.5978787321,2.5978787321,2.5978787321,2,0.0,0.0,0.0725694464948,0.180241137596,0.0,0.00189105367557,0.212419798059,0.419482823979,3.02904557835,3.39132763014,3.39132763014,3.39132763014,1,0.0,0.00189105367557,0.210528744384,0.20706302592
30,TRI-064,Center St,2008-04-21 14:03:00-04:00,2008-04-21 18:03:00+00:00,10.00,5.849,6.179,0.33,4300,5.72542,6.05542,0.33,0.995312037056,7.85207834188,34.2068416667,18.6204666667,34.5373166667,18.9463916667,0.0,0.15294265107,0.15294265107,0.15294265107,0.15294265107,0.15294265107,0.169334980043,0.169334980043,1,0.0,0.15294265107,0.0,0.0,0.0,0.0523815130524,0.0523815130524,0.0523815130524,0.0523815130524,0.0523815130524,0.0693966635518,0.0693966635518,1,0.0,0.0523815130524,0.0,0.0
31,TRI-064,Center St,2008-05-13 11:17:00-04:00,2008-05-13 15:17:00+00:00,10.00,4.997,5.435,0.438,2000,4.8883,5.3263,0.438,0.589527240943,79.6853090986,34.316175,22.5123,34.6607166667,22.1964583333,0.0,0.532800411865,1.96019235634,1.96251023611,2.03090118763,2.03090118763,2.03090118763,2.03970228505,1,0.0,0.532800411865,1.42739194447,0.00231787977752,0.0,0.145529719089,1.30299264654,1.30612982952,1.34488163948,1.34488163948,1.34488163948,1.34511165163,1,0.0,0.145529719089,1.15746292745,0.00313718298276
32,TRI-064,Center St,2008-05-20 11:52:00-04:00,2008-05-20 15:52:00+00:00,10.00,5.574,5.884,0.31,4200,5.45632,5.76632,0.31,0.998055592509,5.05460371511,34.5926166667,22.9197,33.38405,23.1575666667,0.0,0.0,0.0135685197072,0.0305657562886,0.0305657562886,0.0305657562886,0.0305657562886,0.0305657562886,2,0.0,0.0,0.0135685197072,0.0169972365814,0.0,0.0,0.0114361063626,0.0221535460144,0.0221535460144,0.0221535460144,0.0221535460144,0.0221535460144,2,0.0,0.0,0.0114361063626,0.0107174396518
33,TRI-064,Center St,2008-06-04 11:50:00-04:00,2008-06-04 15:50:00+00:00,20.00,7.929,6.917,-1.012,4100,7.79066,6.77866,-1.012,0.00215840175903,174.674319294,33.8792833333,25.3002333333,34.2674583333,25.5382666667,0.0,0.0368850211509,0.327363008078,0.327363008078,0.327363008078,0.327363008078,0.508307140997,0.508307140997,1,0.0,0.0368850211509,0.290477986927,0.0,0.0,0.00842251429527,0.34764723951,0.34764723951,0.34764723951,0.34764723951,0.612036985227,0.612036985227,1,0.0,0.00842251429527,0.339224725215,0.0
34,TRI-064,Center St,2008-06-17 11:31:00-04:00,2008-06-17 15:31:00+00:00,10.00,5.243,5.408,0.165,4200,5.13484,5.29984,0.165,0.971371939975,19.4824179994,34.1435333333,27.27,34.4663,28.1515,0.0,0.0704618537482,0.0704618537482,0.0704618537482,0.0704618537482,0.0704618537482,0.0704618537482,0.0704618537482,1,0.0,0.0704618537482,0.0,0.0,0.0,0.0304880501021,0.0304880501021,0.0304880501021,0.0485257056806,0.0485257056806,0.0485257056806,0.0485257056806,1,0.0,0.0304880501021,0.0,0.0
35,TRI-064,Center St,2008-07-09 10:20:00-04:00,2008-07-09 14:20:00+00:00,10.00,5.282,5.054,-0.228,2100,5.18092,4.95292,-0.228,0.382548469532,103.585908619,34.8254833333,28.441825,35.67765,28.285925,0.0,0.0565082213954,0.122102887942,0.144131553717,0.148334731587,0.148334731587,0.148334731587,0.148334731587,1,0.0,0.0565082213954,0.0655946665461,0.0220286657758,0.0,0.047151783961,0.0603153979323,0.0737969200504,0.096964730963,0.096964730963,0.096964730963,0.096964730963,1,0.0,0.047151783961,0.0131636139713,0.0134815221181
36,TRI-064,Center St,2008-07-22 10:20:00-04:00,2008-07-22 14:20:00+00:00,10.00,5.45,5.648,0.198,2300,5.33704,5.53504,0.198,0.867922367528,42.6213566138,34.4142272727,28.3784,35.551,29.1533666667,0.0189205324176,0.0203376236092,0.0203376236092,0.0377588204039,0.268458349768,0.361439285623,0.716034414158,0.716034414158,0,0.00800968773155,0.00141709119162,0.0,0.0174211967947,0.0377148360099,0.0392249710131,0.0392249710131,0.0908851488782,0.546165660934,0.589804431666,0.673486177856,0.673486177856,0,0.0159659386226,0.0015101350032,0.0,0.051660177865
37,TRI-064,Center St,2008-08-12 10:47:00-04:00,2008-08-12 14:47:00+00:00,83.00,4.229,5.415,1.186,4300,4.1207,5.3067,1.186,0.78326597589,55.4912594596,34.8199166667,28.6484583333,,,0.0,0.00172149406334,0.00172149406334,0.067371150879,0.360388933748,0.360388933748,0.360388933748,0.360388933748,1,0.0,0.00172149406334,0.0,0.0656496568157,0.0,0.00011151082533,0.00011151082533,0.0134846881702,0.234167621882,0.234551875035,0.234551875035,0.234551875035,1,0.0,0.00011151082533,0.0,0.0133731773449
38,TRI-064,Center St,2008-08-26 11:44:00-04:00,2008-08-26 15:44:00+00:00,10.00,5.856,6.248,0.392,2000,5.73104,6.12304,0.392,0.277172447115,116.465259863,35.0153333333,27.3464333333,,,0.00804853376428,0.435888206271,0.689670794904,2.17839912829,4.05932568694,4.73232830881,4.79493615482,4.79493615482,0,0.00340721078698,0.427839672506,0.253782588634,1.48872833338,0.00345693760402,0.293798921981,0.414572299054,1.95400050834,3.71071801134,4.60022196212,4.78879002135,4.79019863011,0,0.00146343612878,0.290341984377,0.120773377073,1.53942820929
39,TRI-064,Center St,2008-09-09 13:20:00-04:00,2008-09-09 17:20:00+00:00,10.00,3.806,5.205,1.399,2200,3.7019,5.1009,1.399,0.633727701483,74.4870955582,34.8446,28.047,,,0.157303536563,0.161046912126,0.161046912126,3.58497717809,3.62269088582,3.62269088582,3.62269088582,3.64405491268,0,0.0133183589038,0.00374337556235,0.0,3.42393026597,0.126020443441,0.130001704746,0.130001704746,3.94516364828,4.08154309983,4.08154309983,4.08154309983,4.10961650428,0,0.0106697251163,0.00398126130535,0.0,3.81516194353
40,TRI-064,Center St,2008-09-30 10:13:00-04:00,2008-09-30 14:13:00+00:00,10.00,5.647,6.183,0.536,4000,5.52334,6.05934,0.536,0.00605167551182,171.076618621,34.8446,28.047,,,0.0,0.0,0.0,0.0,0.822484815374,0.824319818936,0.824319818936,0.824319818936,4,0.0,0.0,0.0,0.0,0.0,0.0,0.0,0.0,0.800912047368,0.801194787559,0.801194787559,0.805744560172,4,0.0,0.0,0.0,0.0
41,TRI-064,Center St,2008-10-07 10:43:00-04:00,2008-10-07 14:43:00+00:00,10.00,3.796,5.602,1.806,2100,3.68396,5.48996,1.806,0.465220782971,93.9886255329,34.8446,28.047,,,0.0,0.0,0.0,0.0,0.0,0.0,0.0,0.0,11,0.0,0.0,0.0,0.0,0.0,0.0,0.0,0.0,0.0,0.0,0.0,0.0,11,0.0,0.0,0.0,0.0
42,TRI-064,Center St,2009-05-06 11:04:00-04:00,2009-05-06 15:04:00+00:00,10.00,5.889,5.385,-0.504,4200,5.7813,5.2773,-0.504,0.894278567635,37.9491227421,33.7859125,21.4608583333,32.2733190476,22.1835714286,0.439743576889,0.439743576889,0.439743576889,0.439743576889,0.439743576889,0.439743576889,0.439743576889,0.439743576889,0,0.0372316027382,0.0,0.0,0.0,0.418398779928,0.418398779928,0.418398779928,0.418398779928,0.418398779928,0.418398779928,0.418398779928,0.418398779928,0,0.0442805136309,0.0,0.0,0.0
43,TRI-064,Center St,2009-06-03 11:20:00-04:00,2009-06-03 15:20:00+00:00,10.00,5.413,5.91,0.497,2000,5.2948,5.7918,0.497,0.788469000247,54.7645351683,33.8710708333,10709.6194542,33.1757,25.0938,0.0,0.0,0.0,0.0,0.0885805898402,0.0885805898402,0.0885805898402,0.0885805898402,4,0.0,0.0,0.0,0.0,0.0,0.0,0.0,0.0,0.0368643749039,0.0368643749039,0.0368643749039,0.0368643749039,4,0.0,0.0,0.0,0.0
44,TRI-064,Center St,2009-06-17 10:58:00-04:00,2009-06-17 14:58:00+00:00,10.00,4.577,5.799,1.222,2000,4.46102,5.68302,1.222,0.39189633679,102.486368127,33.792075,27.7346958333,33.1702434783,27.6100217391,0.665075506231,1.3411568127,1.44601410718,1.48547185901,1.65797636555,2.0526494753,2.36457858273,2.54880870414,0,0.0402212112764,0.676081306469,0.104857294476,0.0394577518349,0.536950848987,1.16651387291,1.24545010571,1.25731582527,1.38714405071,1.73918686005,2.02761176519,2.22119296168,0,0.0324727242844,0.62956302392,0.0789362328062,0.0118657195531
45,TRI-064,Center St,2009-07-07 10:43:00-04:00,2009-07-07 14:43:00+00:00,10.00,5.833,6.071,0.238,4100,5.71158,5.94958,0.238,0.998400254184,4.58452115422,34.6023,27.143275,32.8862578947,28.3542631579,0.502010272664,0.624820162826,0.624820162826,0.624820162826,0.624820162826,0.624820162826,0.624820162826,1.29704009593,0,0.0425035134669,0.122809890162,0.0,0.0,0.480336725527,0.578749838827,0.578749838827,0.58032989456,0.58032989456,0.58032989456,0.58032989456,1.00075416841,0,0.0508356093338,0.0984131132992,0.0,0.00158005573305
46,TRI-064,Center St,2009-07-21 11:03:00-04:00,2009-07-21 15:03:00+00:00,20.00,7.658,6.724,-0.934,4200,7.52352,6.58952,-0.934,0.0190760418515,164.122310965,33.631275,28.0532916667,32.98885,27.9005,0.0399671899169,0.0550519782084,0.0550519782084,0.05514086492,0.320088657531,0.320088657531,0.320088657531,0.465493977242,0,0.016919434595,0.0150847882915,0.0,8.88867115724e-05,0.0742741472559,0.115017798396,0.115017798396,0.115017798396,0.239684732341,0.239684732341,0.239684732341,0.368884503441,0,0.0314427053593,0.0407436511405,0.0,0.0
47,TRI-064,Center St,2009-08-05 11:35:00-04:00,2009-08-05 15:35:00+00:00,31.00,5.403,5.303,-0.1,4200,5.29694,5.19694,-0.1,0.990312332313,11.2970737909,34.7514375,27.7723375,31.95256,28.736345,0.0249581856584,0.104725430909,0.278762305017,0.280733910153,0.328556052069,0.553011481339,1.46552552016,1.49537791603,0,0.0105656262233,0.0797672452504,0.174036874108,0.00197160513617,0.00712539409196,0.0631958312562,0.212281369706,0.223733922286,0.349484462334,0.493189885025,1.30714211657,1.42041737166,0,0.0030164152034,0.0560704371642,0.14908553845,0.0114525525793
48,TRI-064,Center St,2009-08-18 11:22:00-04:00,2009-08-18 15:22:00+00:00,10.00,6.755,6.878,0.123,4300,6.61744,6.74044,0.123,0.0853570833296,146.025445566,35.61145,27.5844333333,32.2395363636,28.3294363636,0.0,0.00108832374383,0.00108832374383,0.013081265567,1.18256330138,1.55962876609,1.55962876609,1.55962876609,1,0.0,0.00108832374383,0.0,0.0119929418232,0.0,0.0,0.0,0.00118718181965,0.855042098416,1.16441267091,1.16441267091,1.16441267091,3,0.0,0.0,0.0,0.00118718181965
49,TRI-064,Center St,2009-09-02 11:04:00-04:00,2009-09-02 15:04:00+00:00,10.00,4.941,6.274,1.333,4200,4.81552,6.14852,1.333,0.934715600319,29.6073915188,35.5051416667,27.3800958333,32.2991238095,28.1931571429,0.0,2.85424174085,3.52638527404,3.52638527404,3.76117707865,3.95366584825,3.98727331154,3.99562208874,1,0.0,2.85424174085,0.672143533193,0.0,0.0,2.35921507773,2.59826373333,2.63643906863,2.89547254596,3.03153625601,3.03297800031,3.03706194279,1,0.0,2.35921507773,0.239048655601,0.0381753352995
50,TRI-064,Center St,2009-09-15 11:15:00-04:00,2009-09-15 15:15:00+00:00,10.00,5.528,7.18,1.652,4300,5.3844,7.0364,1.652,0.189502418518,128.388843019,35.5761916667,25.7952541667,32.825575,26.2935041667,0.0,0.0,0.0,0.0,0.0,0.0,0.0,0.0,10,0.0,0.0,0.0,0.0,0.0,0.0,0.0,0.0,0.0,0.0,0.0,0.0,10,0.0,0.0,0.0,0.0
51,TRI-064,Center St,2009-10-14 10:51:00-04:00,2009-10-14 14:51:00+00:00,10.00,5.548,6.343,0.795,4300,5.42114,6.21614,0.795,0.217146449094,124.451408139,35.2620375,24.5882916667,32.8745611111,23.8900421053,0.0,0.252636525247,0.252636525247,0.317363248313,0.325886335209,0.325886335209,0.325886335209,0.325886335209,1,0.0,0.252636525247,0.0,0.0647267230657,0.000340937153696,0.120053655607,0.120053655607,0.175657055518,0.183804676263,0.183804676263,0.183804676263,0.183804676263,0,0.000144329983793,0.119712718453,0.0,0.0556033999109
52,TRI-064,Center St,2010-04-20 10:29:00-04:00,2010-04-20 14:29:00+00:00,10.00,5.345,5.717,0.372,2200,5.23066,5.60266,0.372,0.307492615643,112.644657126,,,33.7248588235,19.1265294118,0.0,0.0,0.0,0.0,0.0,0.0,0.0,0.0,11,0.0,0.0,0.0,0.0,0.0,0.0,0.0,0.0,0.0,0.0,0.0,0.0,11,0.0,0.0,0.0,0.0
53,TRI-064,Center St,2010-05-04 11:30:00-04:00,2010-05-04 15:30:00+00:00,20.00,4.944,4.949,0.005,2200,4.84502,4.85002,0.005,0.703744316717,65.9528279885,32.9193347826,21.1262478261,31.955573913,21.8986869565,0.0257390921679,0.0257390921679,0.0257390921679,0.0257390921679,0.0257390921679,0.0257390921679,0.0257390921679,0.0257390921679,0,0.00272405245012,0.0,0.0,0.0,0.00995452325913,0.00995452325913,0.00995452325913,0.00995452325913,0.00995452325913,0.00995452325913,0.00995452325913,0.00995452325913,0,0.00105351980936,0.0,0.0,0.0
54,TRI-064,Center St,2010-05-18 11:09:00-04:00,2010-05-18 15:09:00+00:00,10.00,6.466,6.107,-0.359,2300,6.34386,5.98486,-0.359,0.183667273486,129.24704975,33.932725,22.8430041667,33.546852381,23.8836904762,0.103658878976,0.10559004028,0.10559004028,0.10559004028,0.10559004028,0.10559004028,0.10559004028,0.10559004028,0,0.0109705587675,0.00193116130494,0.0,0.0,0.0521618435032,0.0521621175213,0.0521621175213,0.0521621175213,0.0521621175213,0.0521621175213,0.0521621175213,0.0521621175213,0,0.00736061171962,2.74018046129e-07,0.0,0.0
55,TRI-064,Center St,2010-06-15 10:33:00-04:00,2010-06-15 14:33:00+00:00,10.00,7.011,6.632,-0.379,2300,6.87836,6.49936,-0.379,0.0851226617394,146.073545594,33.944825,28.836625,33.828444186,29.0032652174,0.0,0.0,0.0,0.0010122090935,0.0624672176038,0.0624672176038,0.0624672176038,0.0624672176038,3,0.0,0.0,0.0,0.0010122090935,0.0,0.0,0.0,0.0001670737491,0.0570685648234,0.0570685648234,0.0570685648234,0.0570685648234,3,0.0,0.0,0.0,0.0001670737491
56,TRI-064,Center St,2010-06-22 10:23:00-04:00,2010-06-22 14:23:00+00:00,10.00,6.181,5.776,-0.405,4300,6.06548,5.66048,-0.405,0.79460922659,53.898433136,34.2859583333,28.38575,,,0.00128190757277,0.0168927617032,0.020897584636,0.0262431768408,0.161459746976,0.161459746976,0.162881024897,0.162881024897,0,0.00054267391276,0.0156108541304,0.00400482293284,0.00534559220476,2.79620195775e-05,0.000197125305585,0.0215657561708,0.0217459557648,0.025929703034,0.025929703034,0.025929703034,0.025929703034,0,1.18372485624e-05,0.000169163286007,0.0213686308652,0.000180199594
57,TRI-064,Center St,2010-07-13 10:10:00-04:00,2010-07-13 14:10:00+00:00,10.00,7.487,6.872,-0.615,4000,7.34956,6.73456,-0.615,0.0206688850098,163.468255469,35.1914375,28.4001208333,35.30806,29.238625,0.225900517257,0.225900517257,0.707839139708,0.707839139708,1.87786405627,1.88206337014,1.88206337014,1.88206337014,0,0.0191262334663,0.0,0.481938622451,0.0,0.150082287609,0.150082287609,0.477394403964,0.477394403964,1.34278906985,1.34298216343,1.34298216343,1.34298216343,0,0.0105891334632,0.0,0.327312116354,0.0
58,TRI-064,Center St,2010-07-28 10:43:00-04:00,2010-07-28 14:43:00+00:00,10.00,5.236,5.871,0.635,4000,5.11858,5.75358,0.635,0.965402849227,21.4392410869,35.9706041667,27.4240541667,35.42315,30.0589208333,0.591845540441,0.623609935862,0.623609935862,0.655269297542,0.655269297542,0.656739879153,0.710278921433,0.710278921433,0,0.0227770736507,0.0317643954213,0.0,0.0316593616796,0.648707223142,0.664135963548,0.664135963548,0.718654567397,0.718654567397,0.718898752107,0.732561822396,0.732561822396,0,0.0343274053545,0.0154287404061,0.0,0.0545186038489
59,TRI-064,Center St,2010-08-10 10:42:00-04:00,2010-08-10 14:42:00+00:00,10.00,7.543,7.433,-0.11,4100,7.39434,7.28434,-0.11,0.000908895304065,176.544782682,35.3401541667,29.0698208333,34.8497648649,32.0072421053,0.0369753849387,0.0398069843854,0.0409200937488,1.5888031725,1.5888031725,1.58897851833,1.58897851833,1.59447014094,0,0.00313058090096,0.00283159944666,0.00111310936344,1.54788307875,0.02744093299,0.027758073045,0.031988427164,1.1862550108,1.1862550108,1.1862550108,1.1862550108,1.20346269489,0,0.00290416383986,0.000317140054992,0.00423035411897,1.15426658363
60,TRI-064,Center St,2010-08-25 10:43:00-04:00,2010-08-25 14:43:00+00:00,10.00,5.519,6.101,0.582,4100,5.39698,5.97898,0.582,0.997969720695,5.16508636807,34.7944416667,29.9474583333,35.0643772727,30.6601272727,0.188214736579,0.216325076367,0.452084553981,0.74032541211,2.75385252979,2.76553326208,2.77383954381,2.77383954381,0,0.0113825041133,0.0281103397872,0.235759477614,0.288240858129,0.589885960427,1.16097756455,1.25775538958,1.43031477769,2.5675822225,2.56950296962,2.5697304117,2.5697304117,0,0.035674036438,0.571091604119,0.0967778250312,0.172559388112
61,TRI-064,Center St,2010-09-01 10:01:00-04:00,2010-09-01 14:01:00+00:00,10.00,4.655,5.687,1.032,2100,4.54126,5.57326,1.032,0.576412165578,81.2093636707,34.4477291667,28.6366333333,34.6170823529,29.1435647059,0.000903912421887,0.000903912421887,0.000903912421887,0.000903912421887,0.0357045583129,1.47386659481,1.47386659481,1.66208133139,0,0.000382656051965,0.0,0.0,0.0,0.0,0.0,0.0,0.00289739886629,0.0338580312929,0.834559431863,0.834559431863,1.42444539229,3,0.0,0.0,0.0,0.00289739886629
62,TRI-064,Center St,2010-09-22 10:27:00-04:00,2010-09-22 14:27:00+00:00,10.00,5.397,6.15,0.753,4100,5.274,6.027,0.753,0.981093945513,15.8063332159,33.4832583333,28.4062208333,35.146475,29.04147,0.0,0.0,0.0,0.0411122501143,0.0411122501143,0.0411122501143,0.0411122501143,0.0411122501143,3,0.0,0.0,0.0,0.0411122501143,0.0,0.0,0.0,0.00739989050606,0.00739989050606,0.00803690466165,0.00803690466165,0.00803690466165,3,0.0,0.0,0.0,0.00739989050606
63,TRI-064,Center St,2010-10-13 10:47:00-04:00,2010-10-13 14:47:00+00:00,10.00,5.604,6.166,0.562,2200,5.48068,6.04268,0.562,0.314895942309,111.728452867,32.417273913,24.1199695652,34.3267526316,24.2553210526,7.33409160756e-05,7.33409160756e-05,7.33409160756e-05,7.33409160756e-05,7.33409160756e-05,7.33409160756e-05,7.33409160756e-05,7.33409160756e-05,0,3.10476377063e-05,0.0,0.0,0.0,0.0,0.0,0.0,0.0,0.0,0.0,0.0,0.0,13,0.0,0.0,0.0,0.0
64,TRI-064,Center St,2011-05-04 11:27:00-04:00,2011-05-04 15:27:00+00:00,10.00,5.863,5.674,-0.189,4100,5.74952,5.56052,-0.189,0.00548594704875,171.504746926,,,,,0.0,0.0,0.0,0.0,0.0,0.0272930625488,0.0272930625488,0.119288650763,5,0.0,0.0,0.0,0.0,0.0,0.0,0.0,0.0,0.0,0.0315662397445,0.0315662397445,0.183104649685,5,0.0,0.0,0.0,0.0
65,TRI-064,Center St,2011-05-18 11:33:00-04:00,2011-05-18 15:33:00+00:00,10.00,7.562,6.714,-0.848,4100,7.42772,6.57972,-0.848,0.995794939483,7.43607216902,,,,,0.0,0.0,0.0,0.126978881851,0.127236420817,0.127236420817,0.127236420817,0.430703305151,3,0.0,0.0,0.0,0.126978881851,0.0,0.00647121841276,0.00647121841276,0.071958789044,0.0725082047514,0.0725082047514,0.0725082047514,0.395590496372,1,0.0,0.00647121841276,0.0,0.0654875706313
66,TRI-064,Center St,2011-06-08 11:05:00-04:00,2011-06-08 15:05:00+00:00,10.00,5.695,5.559,-0.136,2200,5.58382,5.44782,-0.136,0.378026381867,104.119627208,34.7859916667,27.1551416667,,,0.0,0.0,0.0,0.0,0.0,0.0,0.0,0.0,11,0.0,0.0,0.0,0.0,0.0,0.0,0.0,0.0,0.0,0.0,0.0,0.0,11,0.0,0.0,0.0,0.0
67,TRI-064,Center St,2011-06-22 11:25:00-04:00,2011-06-22 15:25:00+00:00,10.00,4.57,5.654,1.084,2200,4.45692,5.54092,1.084,0.642139348091,73.4842623783,35.22855,28.6425833333,,,0.0,0.0,0.0,0.076969349558,0.076969349558,0.125147935474,1.72818175841,1.72818175841,3,0.0,0.0,0.0,0.076969349558,0.0,0.0,0.0,0.120474851425,0.120474851425,0.131848781261,1.73328284705,1.73328284705,3,0.0,0.0,0.0,0.120474851425
68,TRI-064,Center St,2011-07-13 10:53:00-04:00,2011-07-13 14:53:00+00:00,249.00,6.765,6.386,-0.379,4200,6.63728,6.25828,-0.379,0.940269801863,28.2924758524,35.6182,29.2972916667,35.73645,29.93978,0.0,0.0,0.110492592024,1.56769734168,1.78008760508,2.20762445678,2.20762445678,2.21708473281,2,0.0,0.0,0.110492592024,1.45720474966,0.0,0.0,0.00618834115169,1.18571164752,1.39181901272,1.46786368507,1.46786368507,1.46786412772,2,0.0,0.0,0.00618834115169,1.17952330636
69,TRI-064,Center St,2011-07-15 10:05:00-04:00,2011-07-15 14:05:00+00:00,10.00,7.03,7.068,0.038,4000,6.88864,6.92664,0.038,0.998740487391,4.06766423102,35.8327833333,28.6994416667,35.7978041667,29.6085416667,0.766048933474,0.766048933474,0.766048933474,0.766048933474,0.876541525499,2.33374627516,2.54613653855,2.97367339026,0,0.023163848099,0.0,0.0,0.0,1.32854823419,1.32854823419,1.32854823419,1.32854823419,1.33473657534,2.51425988171,2.72036724691,2.79641191926,0,0.0401727463406,0.0,0.0,0.0
70,TRI-064,Center St,2011-07-27 10:20:00-04:00,2011-07-27 14:20:00+00:00,185.00,5.312,5.625,0.313,4200,5.1995,5.5125,0.313,0.161350188881,132.632984686,35.7413625,,35.1139041667,29.0198583333,5.65425738032,6.15832544226,6.19034869813,6.19034869813,6.19034869813,6.19034869813,6.19034869813,6.19034869813,0,0.170973880841,0.504068061947,0.0320232558694,0.0,4.40797929708,4.77453784409,4.78377132514,4.78377132514,4.78377132514,4.78377132514,4.78377132514,4.78377132514,0,0.133288825817,0.366558547018,0.00923348104988,0.0
71,TRI-064,Center St,2011-07-28 10:00:00-04:00,2011-07-28 14:00:00+00:00,10.00,5.531,5.651,0.12,4200,5.41798,5.53798,0.12,0.0922766289587,144.631558708,35.2367083333,,35.1024125,28.6690583333,0.985694746056,6.21984362321,6.68447965925,6.71650291512,6.71650291512,6.71650291512,6.71650291512,6.71650291512,0,0.0596110310239,5.23414887715,0.464636036045,0.0320232558694,0.936191931475,5.08401798355,5.41256677079,5.42180025184,5.42180025184,5.42180025184,5.42180025184,5.42180025184,0,0.0495401296222,4.14782605208,0.328548787237,0.00923348104988
72,TRI-064,Center St,2011-08-09 10:47:00-04:00,2011-08-09 14:47:00+00:00,10.00,5.738,6.081,0.343,2000,5.61638,5.95938,0.343,0.768802396846,57.4792648494,35.8411125,29.0531333333,35.4623958333,29.881925,0.0,0.0,0.0167172139304,0.0704450050901,0.0704450050901,0.111077868768,0.111077868768,0.111077868768,2,0.0,0.0,0.0167172139304,0.0537277911596,0.0,0.0,0.000744691876563,0.105916081052,0.105916081052,0.229688391203,0.229688391203,0.229688391203,2,0.0,0.0,0.000744691876563,0.105171389175
73,TRI-064,Center St,2011-08-22 10:40:00-04:00,2011-08-22 14:40:00+00:00,10.00,4.816,5.592,0.776,2100,4.70416,5.48016,0.776,0.492982997306,90.8041156754,35.385825,28.7354833333,35.6934458333,29.5847833333,0.0,0.010502919722,0.010502919722,0.0344732532715,0.0344732532715,0.0344732532715,0.0344732532715,0.0488462574007,1,0.0,0.010502919722,0.0,0.0239703335495,0.0,0.0441592670979,0.0441592670979,0.0461316356996,0.0461316356996,0.0461316356996,0.0461316356996,0.0605755431148,1,0.0,0.0441592670979,0.0,0.0019723686017
74,TRI-064,Center St,2011-09-12 10:59:00-04:00,2011-09-12 14:59:00+00:00,10.00,5.627,5.963,0.336,4100,5.50774,5.84374,0.336,0.996666229524,6.62006232313,35.2272833333,27.9617583333,35.4011583333,27.7728208333,0.0537808208255,0.0537808208255,0.0537808208255,0.0537808208255,0.0537808208255,0.692546008537,0.692546008537,0.719335693804,0,0.00569180046379,0.0,0.0,0.0,0.121705190758,0.121705190758,0.121705190758,0.121705190758,0.121705190758,0.707005925051,0.707005925051,0.716232068012,0,0.0103043672532,0.0,0.0,0.0
75,TRI-064,Center St,2011-09-28 10:59:00-04:00,2011-09-28 14:59:00+00:00,10.00,7.434,6.911,-0.523,4000,7.29578,6.77278,-0.523,0.00603393058518,171.089737414,35.5005208333,26.9666666667,35.5075416667,26.9756541667,0.0294035268826,0.0304025879804,0.134557942758,0.610831544954,0.622018270464,0.758055680029,0.760584630532,1.46216794793,0,0.0124474863253,0.000999061097875,0.104155354778,0.476273602195,0.026496803261,0.0273135270863,0.107690263357,0.178608613486,0.179534366586,0.372977676458,0.374150778687,1.29170951078,0,0.01121697399,0.000816723825266,0.0803767362709,0.070918350129
76,TRI-064,Center St,2011-10-05 11:00:00-04:00,2011-10-05 15:00:00+00:00,10.00,5.105,5.815,0.71,2000,4.9887,5.6987,0.71,0.591363349852,79.4713771951,35.326875,24.3162916667,35.7112916667,24.9097583333,0.0,0.0,0.0,0.0,0.0,0.0,0.306249592454,0.335653119336,6,0.0,0.0,0.0,0.0,0.0,0.0,0.0,0.0,0.0,0.0,0.521838540887,0.548335344148,6,0.0,0.0,0.0,0.0
77,TRI-064,Center St,2012-05-16 10:59:00-04:00,2012-05-16 14:59:00+00:00,10.00,5.079,5.389,0.31,4300,4.97122,5.28122,0.31,0.210920242663,125.321196555,34.6743652174,24.1147391304,34.973975,24.5488666667,0.0,3.22700030733e-05,0.000228657332165,0.0454651079381,0.0454651079381,0.0454651079381,1.02536654002,1.02536654002,1,0.0,3.22700030733e-05,0.000196387329092,0.045236450606,0.0,0.00606314259591,0.00606314259591,0.0481709236316,0.0481709236316,0.0481709236316,0.868139159439,0.868139159439,1,0.0,0.00606314259591,0.0,0.0421077810357
78,TRI-064,Center St,2012-06-07 09:21:00-04:00,2012-06-07 13:21:00+00:00,10.00,7.028,7.846,0.818,2200,6.87108,7.68908,0.818,0.90963088336,34.9890380935,34.665475,25.1101125,,25.39835,0.439498234077,1.51233929728,1.56212613368,1.84255868766,1.84255868766,1.86573144101,1.86573144101,1.8738216787,0,0.0620180506523,1.0728410632,0.0497868364005,0.280432553978,0.419549468143,1.46096220543,1.52760904699,1.87315801733,1.87315801733,1.87384125091,1.87384125091,1.8815291585,0,0.0592030596461,1.04141273728,0.066646841559,0.345548970349
79,TRI-064,Center St,2012-06-25 10:10:00-04:00,2012-06-25 14:10:00+00:00,10.00,5.22,5.894,0.674,2200,5.10212,5.77612,0.674,0.274264029219,116.838161478,34.3156458333,27.5444291667,,28.0194,0.110997444113,0.110997444113,0.110997444113,0.110997444113,0.110997444113,0.110997444113,0.110997444113,0.110997444113,0,0.00783148210564,0.0,0.0,0.0,0.0517507721523,0.0517507721523,0.0517507721523,0.0517507721523,0.0517507721523,0.0517507721523,0.0517507721523,0.0517507721523,0,0.00438156300952,0.0,0.0,0.0
80,TRI-064,Center St,2012-07-31 13:00:00-04:00,2012-07-31 17:00:00+00:00,10.00,6.949,6.977,0.028,,6.80946,6.83746,0.028,0.939696369249,28.430803618,35.183625,27.9014125,,,0.245180299176,0.330814627357,0.565679219653,0.565729091476,0.565729091476,0.565729091476,1.01624805375,1.01624805375,0,0.0345976457565,0.0856343281807,0.234864592296,4.98718229314e-05,0.424209085701,0.566010799997,0.95121288389,0.95121288389,0.95121288389,0.95121288389,1.5554694475,1.5554694475,0,0.059860583102,0.141801714296,0.385202083893,0.0
81,TRI-064,Center St,2012-08-21 10:40:00-04:00,2012-08-21 14:40:00+00:00,10.00,6.109,6.271,0.162,2300,5.98358,6.14558,0.162,0.135060206525,136.876300354,,,,27.8231208333,0.455062402735,1.04711700545,1.04725026828,1.04729427283,1.04729427283,1.04904324494,1.04904324494,1.04904324494,0,0.0240803724746,0.592054602713,0.000133262830455,4.40045496453e-05,0.455618149743,0.782596235814,0.782596235814,0.782596235814,0.782596235814,0.782819257464,0.782819257464,0.782819257464,0,0.0192878245903,0.326978086071,0.0,0.0
82,TRI-064,Center St,2012-08-29 10:42:00-04:00,2012-08-29 14:42:00+00:00,10.00,6.381,6.668,0.287,4200,6.24764,6.53464,0.287,0.921089119106,32.6291439302,,,,27.5175041667,3.2080280153,3.39790643043,3.39790643043,3.39790643043,3.39790643043,3.80502769557,4.2458519316,4.24780208207,0,0.113172038316,0.189878415129,0.0,0.0,2.93513350948,3.09765808665,3.09765808665,3.09765808665,3.09765808665,3.53383093864,3.85462519594,3.95539279182,0,0.0955799370289,0.162524577168,0.0,0.0
83,TRI-064,Center St,2012-09-12 10:58:00-04:00,2012-09-12 14:58:00+00:00,10.00,4.574,5.845,1.271,4300,4.4571,5.7281,1.271,0.188782505611,128.494169111,34.77185,27.1388708333,,,0.0,0.0,0.0,0.0439034152628,0.318628834791,0.318628834791,0.318628834791,0.318628834791,3,0.0,0.0,0.0,0.0439034152628,0.0,0.0,0.0,0.108157957407,0.333111441452,0.333111441452,0.343350474551,0.343350474551,3,0.0,0.0,0.0,0.108157957407
84,TRI-064,Center St,2012-09-26 11:13:00-04:00,2012-09-26 15:13:00+00:00,10.00,5.607,6.012,0.405,4300,5.48676,5.89176,0.405,0.823674355607,49.6579969598,34.8550458333,25.5931625,,,0.0,0.0,0.0,0.0,0.0,0.0,0.0,0.0450529837787,7,0.0,0.0,0.0,0.0,0.0,0.0,0.0,0.0,0.0,0.0,0.0,0.0336230280928,7,0.0,0.0,0.0,0.0
85,TRI-064,Center St,2012-10-10 10:41:00-04:00,2012-10-10 14:41:00+00:00,20.00,3.868,5.428,1.56,2000,3.75944,5.31944,1.56,0.337009803146,109.024982421,34.9420625,24.883575,,,0.0,0.568958888451,0.577100127853,0.577100127853,0.577100127853,0.581860114259,0.631720943531,0.67266062071,1,0.0,0.568958888451,0.00814123940162,0.0,0.0,0.433560239723,0.437467063539,0.437467063539,0.437467063539,0.437750246374,0.488440638906,0.563550376171,1,0.0,0.433560239723,0.00390682381636,0.0
86,TRI-064,Center St,2013-05-15 11:07:00-04:00,2013-05-15 15:07:00+00:00,10.00,5.049,5.48,0.431,2300,4.9394,5.3704,0.431,0.210847157951,125.331461513,34.2833291667,20.2159416667,,,0.0,0.0,0.0,0.0101098712891,0.0101098712891,0.0101098712891,0.0101098712891,0.042788116042,3,0.0,0.0,0.0,0.0101098712891,0.0,0.0,0.0,0.00692559146788,0.00692559146788,0.00692559146788,0.00692559146788,0.00990830657941,3,0.0,0.0,0.0,0.00692559146788
87,TRI-064,Center St,2013-06-05 09:40:00-04:00,2013-06-05 13:40:00+00:00,10.00,5.912,5.631,-0.281,4200,5.79938,5.51838,-0.281,0.119791954378,139.500893315,33.8080833333,25.5365125,,,0.600406201362,1.39875522994,1.40356101746,1.40356101746,1.40356101746,1.40356101746,1.40356101746,1.40356101746,0,0.0317714776655,0.798349028573,0.00480578751941,0.0,0.446784637144,0.723996409057,0.739057222649,0.739057222649,0.739057222649,0.739057222649,0.739057222649,0.739057222649,0,0.0236423409487,0.277211771913,0.0150608135914,0.0
88,TRI-064,Center St,2013-06-19 10:27:00-04:00,2013-06-19 14:27:00+00:00,10.00,5.213,5.464,0.251,4300,5.10372,5.35472,0.251,0.737476552566,61.6437032477,33.2345625,26.8442791667,,,0.199023780922,2.45543070761,2.45543070761,2.45543070761,2.45543070761,2.45543070761,2.45543070761,3.34778165382,0,0.0168506710187,2.25640692668,0.0,0.0,0.602591514092,2.80900746541,2.80900746541,2.80900746541,2.80900746541,2.80900746541,2.80900746541,3.5004048224,0,0.0364424195067,2.20641595131,0.0,0.0
89,TRI-064,Center St,2013-07-10 10:20:00-04:00,2013-07-10 14:20:00+00:00,10.00,5.548,5.628,0.08,4000,5.43544,5.51544,0.08,0.0282434141294,160.650174257,32.1566058824,27.9493764706,,29.12224,0.0,0.0,0.0,0.0343821767997,0.115716218781,0.120449913848,0.373631521839,0.582996877537,3,0.0,0.0,0.0,0.0343821767997,0.0,0.0,0.0,0.0189342925664,0.120960932456,0.129402400021,0.44900297725,0.795000135454,3,0.0,0.0,0.0,0.0189342925664
90,TRI-064,Center St,2013-07-24 10:45:00-04:00,2013-07-24 14:45:00+00:00,10.00,8.166,6.714,-1.452,4000,8.03172,6.57972,-1.452,0.975356417052,18.0636144836,33.039925,27.817875,,28.1878125,0.0,0.0470299510227,0.0980196177083,0.160617001423,0.30746317697,0.30746317697,0.310227616251,0.310227616251,1,0.0,0.0470299510227,0.0509896666856,0.0625973837144,0.0,0.00044250963947,0.0221880050044,0.181908646147,0.237198685873,0.237198685873,0.237609944332,0.237609944332,1,0.0,0.00044250963947,0.0217454953649,0.159720641142
91,TRI-064,Center St,2013-08-07 11:00:00-04:00,2013-08-07 15:00:00+00:00,10.00,5.578,6.373,0.795,4100,5.45054,6.24554,0.795,0.00197554990805,174.905052307,33.9383916667,27.3630208333,,28.2892791667,0.0,0.0,0.171909189598,0.179079386162,0.179079386162,0.179079386162,0.831861874593,0.835580667259,2,0.0,0.0,0.171909189598,0.00717019656391,0.0,0.0,0.258643096939,0.258643096939,0.258643096939,0.258643096939,0.869951043568,0.870477968469,2,0.0,0.0,0.258643096939,0.0
92,TRI-064,Center St,2013-08-20 13:12:00-04:00,2013-08-20 17:12:00+00:00,20.00,7.579,7.367,-0.212,4300,7.43166,7.21966,-0.212,0.981566888593,15.6061327093,32.4625416667,26.8857791667,,28.2571416667,0.00672068355422,0.0448352557902,0.244313023412,0.410867112545,0.646183154756,4.09879271265,4.1242193133,4.17880487278,0,0.000711271958734,0.038114572236,0.199477767622,0.166554089132,0.0217042583188,0.0732060115008,0.342304726878,0.544212445023,0.716052304225,3.93064707888,3.95343295065,3.97843319464,0,0.00131259015144,0.051501753182,0.269098715378,0.201907718145
93,TRI-064,Center St,2013-08-20 13:12:00-04:00,2013-08-20 17:12:00+00:00,20.00,7.579,7.367,-0.212,4300,7.43166,7.21966,-0.212,0.981566888593,15.6061327093,32.4625416667,26.8857791667,,28.2571416667,0.00672068355422,0.0448352557902,0.244313023412,0.410867112545,0.646183154756,4.09879271265,4.1242193133,4.17880487278,0,0.000711271958734,0.038114572236,0.199477767622,0.166554089132,0.0217042583188,0.0732060115008,0.342304726878,0.544212445023,0.716052304225,3.93064707888,3.95343295065,3.97843319464,0,0.00131259015144,0.051501753182,0.269098715378,0.201907718145
94,TRI-064,Center St,2013-09-11 10:34:00-04:00,2013-09-11 14:34:00+00:00,10.00,5.561,6.12,0.559,2200,5.4386,5.9976,0.559,0.311947300808,112.092649691,32.7386458333,28.1756416667,,28.6646708333,0.00160192917314,0.00160192917314,0.00160192917314,0.00160192917314,0.00160192917314,0.00311738712813,0.00340935474355,0.287508062259,0,0.000678149650427,0.0,0.0,0.0,0.015471824291,0.015471824291,0.015471824291,0.015471824291,0.015471824291,0.0414278718037,0.041535536168,0.196090930393,0,0.0032748677065,0.0,0.0,0.0
95,TRI-064,Center St,2013-09-25 10:46:00-04:00,2013-09-25 14:46:00+00:00,20.00,4.905,6.491,1.586,2200,4.77518,6.36118,1.586,0.702314802815,66.1320815913,32.9122541667,25.5802583333,,26.2955875,0.0,0.0,0.0,0.330461648451,0.330461648451,0.330461648451,0.330461648451,0.330461648451,3,0.0,0.0,0.0,0.330461648451,0.0,0.0,0.0,0.972456144213,0.972456144213,0.972456144213,0.972456144213,0.972456144213,3,0.0,0.0,0.0,0.972456144213
96,TRI-064,Center St,2013-10-09 11:11:00-04:00,2013-10-09 15:11:00+00:00,379.00,5.893,7.059,1.166,2300,5.75182,6.91782,1.166,0.186066334013,128.892952839,33.3563791667,24.0240833333,,24.8864041667,0.0,0.124357635917,0.859933129785,0.859933129785,0.859933129785,0.859933129785,0.859933129785,0.859933129785,1,0.0,0.124357635917,0.735575493868,0.0,0.0,0.159921447254,0.982303418782,0.982303418782,0.982303418782,0.982303418782,0.982303418782,0.982303418782,1,0.0,0.159921447254,0.822381971528,0.0
97,TRI-064,Center St,2013-10-10 11:43:00-04:00,2013-10-10 15:43:00+00:00,10.00,6.145,7.39,1.245,2300,5.9972,7.2422,1.245,0.283029366839,115.717944128,33.9171541667,23.4171958333,,24.1021291667,0.0,0.0,0.124357635917,0.859933129785,0.859933129785,0.859933129785,0.859933129785,0.859933129785,2,0.0,0.0,0.124357635917,0.735575493868,0.0,0.0,0.159921447254,0.982303418782,0.982303418782,0.982303418782,0.982303418782,0.982303418782,2,0.0,0.0,0.159921447254,0.822381971528
98,TRI-064,Center St,2014-05-07 11:20:00-04:00,2014-05-07 15:20:00+00:00,650.00,4.081,5.316,1.235,2100,3.97468,5.20968,1.235,0.488306279445,91.3401238566,33.5151083333,21.4658166667,33.8616086957,21.8707782609,0.0,0.0,0.0,0.00798637038039,0.0128799949041,0.0128799949041,1.2069098913,1.23097459142,3,0.0,0.0,0.0,0.00798637038039,0.0,0.0,0.0,0.0166590706867,0.0228944567915,0.0228944567915,0.99302115921,0.997820013289,3,0.0,0.0,0.0,0.0166590706867
99,TRI-064,Center St,2014-05-12 15:45:00-04:00,2014-05-12 19:45:00+00:00,52.00,5.61,5.953,0.343,,5.49094,5.83394,0.343,0.910167777397,34.8816018079,34.3749791667,23.1550333333,34.06595,23.4337458333,0.0,0.0,0.0,0.0,0.0,0.0,0.0,0.0,9,0.0,0.0,0.0,0.0,0.0,0.0,0.0,0.0,0.0,0.0,0.0,0.0,9,0.0,0.0,0.0,0.0
100,TRI-064,Center St,2014-05-19 13:35:00-04:00,2014-05-19 17:35:00+00:00,10.00,6.581,6.251,-0.33,,6.45598,6.12598,-0.33,0.779182894162,56.0571437071,,,34.5836875,23.2799833333,0.012937754876,0.012937754876,0.012937754876,0.891775247443,0.97978172009,0.97978172009,0.97978172009,0.97978172009,0,0.00182565997998,0.0,0.0,0.878837492567,0.0251574390747,0.0251574390747,0.0251574390747,0.674135443297,0.76700914301,0.76700914301,0.76700914301,0.76700914301,0,0.00354999226354,0.0,0.0,0.648978004222
101,TRI-064,Center St,2014-06-10 09:20:00-04:00,2014-06-10 13:20:00+00:00,10.00,5.601,5.776,0.175,4200,5.48548,5.66048,0.175,0.873989515675,41.5843826939,33.9641416667,26.0427708333,33.7119416667,26.8315875,0.0,0.221927541506,0.221939276053,0.530980371578,0.590124230009,0.590124230009,0.590124230009,0.590124230009,,0.0,0.221927541506,1.17345465721e-05,0.309041095525,0.0,0.143269871807,0.143269871807,0.444126992399,0.551382233921,0.551382233921,0.551382233921,0.551382233921,,0.0,0.143269871807,0.0,0.300857120592
102,TRI-064,Center St,2014-06-25 10:34:00-04:00,2014-06-25 14:34:00+00:00,10.00,6.05,6.599,0.549,4200,5.91802,6.46702,0.549,0.0540742169868,153.106843912,34.2393875,27.2579583333,33.9025458333,28.2624708333,0.0,0.0971484015359,0.449216020664,0.449216020664,0.449216020664,0.449216020664,0.449216020664,0.491742064208,1,0.0,0.0971484015359,0.352067619128,0.0,0.0,0.0576036710361,0.460547107093,0.460547107093,0.460547107093,0.460547107093,0.460547107093,0.532203274991,1,0.0,0.0576036710361,0.402943436057,0.0
103,TRI-064,Center St,2014-07-09 10:25:00-04:00,2014-07-09 14:25:00+00:00,10.00,5.705,5.815,0.11,4300,5.5887,5.6987,0.11,0.837665522166,47.5201370248,33.6912416667,27.5854166667,34.4261083333,28.6685125,0.0,0.0,1.11301383146,1.81061087088,1.81061087088,1.822615268,1.91561033334,1.91561033334,2,0.0,0.0,1.11301383146,0.69759703942,0.0,0.0,1.17545312734,1.96653410372,1.96653410372,1.97943867391,2.18828449562,2.18828449562,2,0.0,0.0,1.17545312734,0.791080976373
104,TRI-064,Center St,2014-07-23 09:50:00-04:00,2014-07-23 13:50:00+00:00,10.00,5.558,6.225,0.667,4200,5.4335,6.1005,0.667,0.140871902935,135.910695637,33.9379375,28.1210208333,,,0.0466167035696,0.228743330234,2.3887054108,2.38953752674,2.38953752674,2.38953752674,2.56271875502,2.70861641186,0,0.00986719692729,0.182126626664,2.15996208057,0.000832115933417,0.210969783787,0.324128147082,1.62829076008,1.62829076008,1.62829076008,1.62829076008,1.99967849669,2.10211083119,0,0.0178620987151,0.113158363295,1.304162613,0.0
105,TRI-064,Center St,2014-08-06 09:20:00-04:00,2014-08-06 13:20:00+00:00,30.00,5.275,6.225,0.95,4300,5.1505,6.1005,0.95,0.706333410652,65.6275291974,33.7687375,27.3139833333,,,0.0184332017799,0.181410634142,0.242047788553,1.26993407659,1.87715933342,6.5071425185,6.50718652305,6.50718652305,0,0.00390169226983,0.162977432362,0.0606371544109,1.02788628804,0.017457644608,0.310811787023,0.449469399734,1.60001144592,2.33535356535,4.39471709462,4.39471709462,4.3950272429,0,0.00369519944661,0.293354142415,0.138657612711,1.15054204619
106,TRI-064,Center St,2014-08-19 09:55:00-04:00,2014-08-19 13:55:00+00:00,10.00,4.819,5.687,0.868,2000,4.70526,5.57326,0.868,0.352899087336,107.109681505,33.6723333333,28.9436791667,,,0.64520140475,0.64520140475,0.651111826439,0.651111826439,0.651111826439,0.658336556113,0.701928389115,0.785957194291,0,0.136567556926,0.0,0.00591042168804,0.0,0.504142828596,0.504142828596,0.504304003642,0.50479559045,0.50479559045,0.596464933562,0.638298141649,0.713003947709,0,0.0533550872146,0.0,0.00016117504669,0.000491586808231
107,TRI-064,Center St,2014-09-10 09:55:00-04:00,2014-09-10 13:55:00+00:00,10.00,7.31,7.141,-0.169,4000,7.16718,6.99818,-0.169,0.986953387713,13.1174797326,33.26595,28.3081291667,,,0.0,0.318142039558,2.60069522067,3.32140158353,3.58618763402,3.59727439467,3.6145244665,3.63240258433,1,0.0,0.318142039558,2.28255318111,0.72070636286,0.0056274700818,0.29293440113,2.28291702921,2.63827154899,2.98358276072,3.01593585731,3.35647091393,3.35893055711,0,0.00238229438152,0.287306931048,1.98998262808,0.355354519781
108,TRI-064,Center St,2014-09-24 10:33:00-04:00,2014-09-24 14:33:00+00:00,10.00,5.718,6.737,1.019,4100,5.58326,6.60226,1.019,0.000925108521058,176.514091744,32.7838291667,25.6902416667,,,0.303979421271,0.6142504047,0.6142504047,0.63756738832,1.22776731485,1.59350727959,1.59350727959,2.15599872796,0,0.00989881170628,0.310270983429,0.0,0.0233169836197,0.464097667306,0.75441480525,0.75441480525,0.799456457968,1.41811915346,2.54866424785,2.55057529032,3.09814837373,0,0.0140334218857,0.290317137944,0.0,0.0450416527176
109,TRI-064,Center St,2015-05-06 10:54:00-04:00,2015-05-06 14:54:00+00:00,10.00,6.01,6.153,0.143,4000,5.88694,6.02994,0.143,0.963489910575,22.0311857434,32.4771583333,21.1274583333,,,0.0,0.0,0.0,0.0,0.0,0.0,0.457351413122,0.928932796307,6,0.0,0.0,0.0,0.0,0.0,0.0,0.0,0.0,0.0,0.0,0.390888933955,0.899011923895,6,0.0,0.0,0.0,0.0
110,TRI-064,Center St,2015-05-20 10:19:00-04:00,2015-05-20 14:19:00+00:00,10.00,7.048,6.429,-0.619,4000,6.91942,6.30042,-0.619,0.0433278434117,155.971681096,33.731225,23.8999333333,,,0.0,0.0,0.0,0.0,0.0,0.0,0.0,0.00185063987854,7,0.0,0.0,0.0,0.0,0.0,0.0,0.0,0.0,0.0,0.0,0.0,0.0110079148221,7,0.0,0.0,0.0,0.0
111,TRI-064,Center St,2015-06-08 10:30:00-04:00,2015-06-08 14:30:00+00:00,10.00,6.092,6.563,0.471,2200,5.96074,6.43174,0.471,0.686461483805,68.1040024,34.3067,26.4501416667,,,0.0,0.0,0.0,0.0292482464622,0.721376065796,1.42663168589,1.42663168589,1.42663168589,3,0.0,0.0,0.0,0.0292482464622,0.0,0.0652162773342,0.0652162773342,0.0984704224378,0.864836724931,1.79237223016,1.79237223016,1.79237223016,1,0.0,0.0652162773342,0.0,0.0332541451036
112,TRI-064,Center St,2015-06-17 09:48:00-04:00,2015-06-17 13:48:00+00:00,10.00,7.1,6.422,-0.678,4000,6.97156,6.29356,-0.678,0.0038865535433,172.851471129,34.3704291667,28.3008083333,34.3924833333,28.4102083333,0.0,0.0,0.0,0.0,0.000834976337994,0.000834976337994,0.000834976337994,0.555199424947,4,0.0,0.0,0.0,0.0,0.0,0.0,0.0,0.0,0.000592403086866,0.000592403086866,0.000592403086866,0.422275845067,4,0.0,0.0,0.0,0.0
113,TRI-064,Center St,2015-07-08 10:44:00-04:00,2015-07-08 14:44:00+00:00,10.00,6.138,5.697,-0.441,2100,6.02406,5.58306,-0.441,0.59839501007,78.6506894061,34.8674708333,27.8190625,34.6742458333,28.4267375,0.0,0.0,0.0,0.0416537121729,0.404911063351,1.20821296296,1.2623267698,1.27845759368,3,0.0,0.0,0.0,0.0416537121729,0.0,0.0,0.0,0.0383882997121,0.445589085648,1.50314032349,1.51313548209,1.5175536747,3,0.0,0.0,0.0,0.0383882997121
114,TRI-064,Center St,2015-07-22 08:51:00-04:00,2015-07-22 12:51:00+00:00,10.00,4.41,4.923,0.513,2100,4.31154,4.82454,0.513,0.300041082649,113.57304203,35.6103875,28.268775,35.1612,29.4976041667,0.181918728865,0.181918728865,0.632619982111,0.632619982111,0.632619982111,0.632619982111,0.632619982111,0.661089469885,0,0.0770122202995,0.0,0.450701253246,0.0,0.119800337565,0.119800337565,0.379492639146,0.379492639146,0.379492639146,0.379492639146,0.379492639146,0.446326984494,0,0.0253577244247,0.0,0.259692301581,0.0
115,TRI-064,Center St,2015-08-04 09:40:00-04:00,2015-08-04 13:40:00+00:00,10.00,6.861,6.547,-0.314,2200,6.73006,6.41606,-0.314,0.82864209945,48.9069222151,35.1253583333,28.6104708333,35.0719125,29.2801125,1.68739320834,1.87172219205,2.32017083812,2.42182468504,2.42182468504,2.42182468504,2.42182468504,2.42182468504,0,0.0714329405793,0.184328983712,0.448448646063,0.10165384692,1.12247111269,1.33364795191,1.54140210685,1.6726320435,1.69494080357,1.69494080357,1.69494080357,1.69494080357,0,0.05279768679,0.211176839214,0.207754154941,0.131229936656
116,TRI-064,Center St,2015-08-19 10:50:00-04:00,2015-08-19 14:50:00+00:00,10.00,4.836,5.274,0.438,2300,4.73052,5.16852,0.438,0.164963790979,132.072654307,35.5903458333,28.1974958333,34.9710458333,29.0664041667,0.800684480666,1.08672932163,1.08672932163,1.08672932163,1.08672932163,1.08672932163,1.08672932163,1.08672932163,0,0.042369530889,0.286044840962,0.0,0.0,0.431347583419,0.84828279031,0.84828279031,0.84828279031,0.84828279031,0.84828279031,0.84828279031,0.84828279031,0,0.0182603711708,0.416935206891,0.0,0.0
117,TRI-064,Center St,2015-09-16 11:16:00-04:00,2015-09-16 15:16:00+00:00,10.00,4.76,5.687,0.927,4000,4.64626,5.57326,0.927,0.0649999280053,150.458656232,,,35.156125,26.8048833333,0.0,0.0,0.0,0.00147183332768,0.0245583381829,0.108449558389,0.108449558389,0.566793003511,3,0.0,0.0,0.0,0.00147183332768,0.0,0.0,0.0,0.0232290787465,0.0410609867682,0.092332648017,0.0927094732921,0.180074502887,3,0.0,0.0,0.0,0.0232290787465
118,TRI-064,Center St,2015-09-29 12:00:00-04:00,2015-09-29 16:00:00+00:00,41.00,7.51,8.046,0.536,4100,7.34908,7.88508,0.536,0.987981563893,12.5878161175,,,34.1147,25.66825,0.0,0.0,0.00981494884311,0.00981494884311,1.54585292254,1.67071346032,1.67071346032,1.67071346032,2,0.0,0.0,0.00981494884311,0.0,0.0,0.0,0.00745152761835,0.0836347762629,1.50192244539,1.64937855824,1.64937855824,1.64937855824,2,0.0,0.0,0.00745152761835,0.0761832486446
119,TRI-064,Center St,2016-05-04 10:36:00-04:00,2016-05-04 14:36:00+00:00,10.00,6.548,6.32,-0.228,4200,6.4216,6.1936,-0.228,0.116117825669,140.153551601,33.2462958333,22.4857958333,32.7783791667,23.1046,0.80380000033,0.875535997923,0.875535997923,0.875535997923,0.875535997923,0.882681851696,0.882681851696,0.882681851696,0,0.0680550299449,0.0717359975931,0.0,0.0,0.646768922055,0.737696648564,0.737696648564,0.737696648564,0.737696648564,0.738627302538,0.738627302538,0.738627302538,0,0.0391140994027,0.0909277265087,0.0,0.0
120,TRI-064,Center St,2016-05-18 11:13:00-04:00,2016-05-18 15:13:00+00:00,10.00,4.872,5.582,0.71,4300,4.76036,5.47036,0.71,0.868913736061,42.4533231054,34.4771083333,22.5147958333,33.1432041667,22.3214791667,1.13079954577,1.13079954577,1.13079954577,1.13079954577,1.20653144857,1.23634470021,1.23634470021,1.23634470021,0,0.0598381103178,0.0,0.0,0.0,1.15203730722,1.15203730722,1.15203730722,1.15203730722,1.24050304787,1.26486050679,1.26486050679,1.26486050679,0,0.0541883922262,0.0,0.0,0.0
121,TRI-064,Center St,2016-06-15 10:36:00-04:00,2016-06-15 14:36:00+00:00,10.00,4.567,6.068,1.501,4300,4.44564,5.94664,1.501,0.743795172896,60.8176753329,33.4394041667,27.827225,32.790325,27.7888666667,0.0,0.0,0.0122561285801,0.0301767369447,0.0301767369447,0.0301767369447,0.0301767369447,0.0301767369447,2,0.0,0.0,0.0122561285801,0.0179206083646,0.0,0.0,0.0061870224977,0.00770695850816,0.00770695850816,0.00770695850816,0.00770695850816,0.00770695850816,2,0.0,0.0,0.0061870224977,0.00151993601045
122,TRI-064,Center St,2016-06-29 10:10:00-04:00,2016-06-29 14:10:00+00:00,10.00,5.535,6.363,0.828,2000,5.40774,6.23574,0.828,0.361129456398,106.125431889,33.9562958333,28.2966958333,32.8608791667,28.5409833333,0.853354867936,0.853354867936,0.853354867936,1.01397072717,1.01397072717,1.01397072717,1.01397072717,1.01397072717,0,0.0602088942805,0.0,0.0,0.160615859233,0.406716179608,0.406716179608,0.406716179608,0.537267792033,0.537267792033,0.537267792033,0.537267792033,0.537267792033,0,0.0245966318656,0.0,0.0,0.130551612425
123,TRI-064,Center St,2016-07-13 10:40:00-04:00,2016-07-13 14:40:00+00:00,10.00,4.908,5.549,0.641,2000,4.79702,5.43802,0.641,0.592032666458,79.393355844,34.3348434783,28.3984565217,33.6175,29.8620380952,0.0,0.0,0.0,0.24262082124,0.248448146047,0.248448146047,0.67138739615,0.67138739615,3,0.0,0.0,0.0,0.24262082124,0.0,0.0,0.0,0.334565684974,0.341362097832,0.341362097832,0.660533253328,0.660533253328,3,0.0,0.0,0.0,0.334565684974
124,TRI-064,Center St,2016-07-27 09:39:00-04:00,2016-07-27 13:39:00+00:00,10.00,5.492,5.546,0.054,2000,5.38108,5.43508,0.054,0.496668838809,90.3817257782,35.2999416667,28.655325,34.72935,30.3477375,0.0,0.0,0.0,0.0,0.0,0.0394907775093,0.047619658539,0.0875096173334,5,0.0,0.0,0.0,0.0,0.0,0.0,0.0,0.0,0.0,0.0240380561303,0.037346981319,0.0778025886865,5,0.0,0.0,0.0,0.0
125,TRI-064,Center St,2016-08-10 09:41:00-04:00,2016-08-10 13:41:00+00:00,10.00,4.376,5.103,0.727,2100,4.27394,5.00094,0.727,0.428740548641,98.1936306202,35.1422833333,29.8764583333,35.348675,29.9635666667,0.0742186237318,0.120348308132,0.120348308132,0.120348308132,0.447439881143,0.448590696243,0.481345627296,1.96975253898,0,0.00628384008269,0.0461296844001,0.0,0.0,0.110360671425,0.147197670646,0.147476804105,0.147476804105,0.441502948998,0.442297461468,0.46667330814,1.42658099493,0,0.00778655427917,0.0368369992207,0.000279133459268,0.0
126,TRI-064,Center St,2016-08-22 10:23:00-04:00,2016-08-22 14:23:00+00:00,10.00,6.736,6.314,-0.422,2300,6.60972,6.18772,-0.422,0.835819475719,47.8063137737,35.7304916667,29.8315166667,35.7592583333,30.6981708333,0.0,0.0447696079493,0.0575491979788,0.0736892259791,0.0736892259791,0.0736892259791,0.0736892259791,0.0736892259791,1,0.0,0.0447696079493,0.0127795900296,0.0161400280003,0.0,0.023261943673,0.0338031414175,0.0480177822003,0.0480177822003,0.0480177822003,0.0480177822003,0.0480177822003,1,0.0,0.023261943673,0.0105411977444,0.0142146407828
127,TRI-064,Center St,2016-09-14 09:44:00-04:00,2016-09-14 13:44:00+00:00,10.00,5.626,6.402,0.776,4200,5.49796,6.27396,0.776,0.900268499135,36.8185874483,35.28895,28.1532875,35.6748666667,28.3842208333,0.355068151121,0.41347791705,0.41347791705,0.41347791705,0.41347791705,0.41347791705,0.41347791705,0.41347791705,0,0.0125260085672,0.0584097659285,0.0,0.0,0.346055377151,0.380037624809,0.385033396866,0.385033396866,0.385033396866,0.385033396866,0.385033396866,0.385033396866,0,0.0122080581016,0.0339822476589,0.00499577205625,0.0
128,TRI-064,Center St,2016-09-28 09:53:00-04:00,2016-09-28 13:53:00+00:00,10.00,5.715,6.419,0.704,4200,5.58662,6.29062,0.704,0.0864932941928,145.793154399,33.7307333333,27.3577666667,34.2003416667,27.2889166667,0.00526600756755,0.923794629617,0.923794629617,0.923794629617,1.36306638496,1.36359943629,1.36359943629,1.40295695214,0,0.00111463766656,0.918528622049,0.0,0.0,0.000424110286178,1.15248302626,1.15248302626,1.15248302626,1.47680400897,1.47680400897,1.55532402117,1.57763499936,0,0.000179539924197,1.15205891597,0.0,0.0
129,TRI-064,Center St,2017-05-03 10:45:00-04:00,2017-05-03 14:45:00+00:00,10.00,5.764,5.759,-0.005,2100,5.64882,5.64382,-0.005,0.488400286702,91.3293484948,33.8383333333,23.6166666667,32.6816208333,24.2586541667,0.0,0.604805245256,0.604805245256,0.604805245256,0.604805245256,0.604805245256,0.604805245256,0.604805245256,1,0.0,0.604805245256,0.0,0.0,0.0,0.808697646025,0.808697646025,0.808697646025,0.808697646025,0.808697646025,0.808697646025,0.808697646025,1,0.0,0.808697646025,0.0,0.0
130,TRI-064,Center St,2017-05-17 09:56:00-04:00,2017-05-17 13:56:00+00:00,10.00,4.905,5.507,0.602,2100,4.79486,5.39686,0.602,0.697885632855,66.6859153886,34.0489473684,24.0668421053,33.507775,24.6977916667,0.0,0.0,0.0,0.696160538968,0.857634601374,0.857634601374,0.857634601374,0.857634601374,3,0.0,0.0,0.0,0.696160538968,0.0,0.0,0.0,0.764350824812,0.923692801689,0.923692801689,0.923692801689,0.923692801689,3,0.0,0.0,0.0,0.764350824812
131,TRI-064,Center St,2017-06-06 10:15:00-04:00,2017-06-06 14:15:00+00:00,10.00,5.725,6.212,0.487,4200,5.60076,6.08776,0.487,0.888424937398,39.0269490574,34.5775,26.8558333333,35.1024083333,27.286775,1.02438364846,1.19702418225,1.19702418225,1.19702418225,1.34442463895,1.34442463895,1.34442463895,1.34442463895,0,0.0542069387928,0.172640533782,0.0,0.0,0.71243940184,0.898775095195,0.898775095195,0.898775095195,1.05473137155,1.05935914131,1.05935914131,1.05935914131,0,0.033511020435,0.186335693356,0.0,0.0
132,TRI-064,Center St,2017-06-21 11:10:00-04:00,2017-06-21 15:10:00+00:00,10.00,6.378,6.038,-0.34,4300,6.25724,5.91724,-0.34,0.142318348839,135.672981019,34.735,27.9208333333,34.7017333333,28.0406625,0.598018026157,0.604415035969,0.604415035969,0.61831758642,0.61831758642,0.61831758642,0.61831758642,0.62430489842,0,0.0230146206999,0.00639700981226,0.0,0.0139025504508,0.627529058993,0.65683977812,0.65683977812,0.656840810957,0.678272170046,0.678272170046,0.678272170046,0.700562162633,0,0.0189752732038,0.029310719127,0.0,1.03283725084e-06
133,TRI-064,Center St,2017-07-12 10:44:00-04:00,2017-07-12 14:44:00+00:00,10.00,5.63,5.848,0.218,2300,5.51304,5.73104,0.218,0.925020405696,31.7838914682,35.5158333333,28.6283333333,34.7040291667,29.8213541667,0.0,0.0647308707321,0.626792430319,0.841614807087,1.31648418385,1.31648418385,1.31648418385,1.31648418385,1,0.0,0.0647308707321,0.562061559587,0.214822376768,0.0,0.00177922217156,0.113330331745,0.1848873802,0.578722561466,0.578722561466,0.578722561466,0.578722561466,1,0.0,0.00177922217156,0.111551109574,0.0715570484549
134,TRI-064,Center St,2017-07-26 11:10:00-04:00,2017-07-26 15:10:00+00:00,10.00,7.159,6.445,-0.714,2300,7.0301,6.3161,-0.714,0.0887583769901,145.334154372,35.4119047619,29.1823809524,34.9421125,29.4097375,0.0488049471886,1.62098489746,1.84097326303,1.84097326303,1.84097326303,1.85019570019,2.31908235195,2.335001891,0,0.00295153568853,1.57217995028,0.219988365569,0.0,0.0315953877121,0.862140839235,1.02955711064,1.02955711064,1.02955711064,1.02955767975,1.3850460028,1.40040130896,0,0.00267507471509,0.830545451523,0.167416271405,0.0
135,TRI-064,Center St,2017-08-07 09:48:00-04:00,2017-08-07 13:48:00+00:00,10.00,5.623,6.028,0.405,4000,5.50244,5.90744,0.405,0.994078128859,8.82697055114,34.7558333333,28.13625,34.3922291667,28.5154958333,0.0,0.178224799815,1.50347779779,1.86841948036,3.41723368395,3.41723368395,3.41723368395,3.41723368395,1,0.0,0.178224799815,1.32525299797,0.364941682566,0.0,0.0891304703277,1.74081332916,2.19421126386,4.22418802287,4.22418802287,4.22418802287,4.22418802287,1,0.0,0.0891304703277,1.65168285884,0.453397934695
136,TRI-064,Center St,2017-08-28 09:21:00-04:00,2017-08-28 13:21:00+00:00,10.00,4.669,6.983,2.314,2000,4.52934,6.84334,2.314,0.37358576791,104.644949471,35.0766666667,28.1975,,,0.227323449954,0.261377031924,0.300193078083,1.91476877712,2.34140967285,2.34140967285,2.34140967285,2.34681302022,0,0.0192467083695,0.0340535819708,0.0388160461586,1.61457569904,0.305301597598,0.410067494569,0.458924312619,1.46367153357,2.03898321929,2.03898321929,2.03898321929,2.04227191686,0,0.0161555341489,0.104765896971,0.0488568180499,1.00474722096
137,TRI-064,Center St,2017-08-28 09:21:00-04:00,2017-08-28 13:21:00+00:00,10.00,4.669,6.983,2.314,2000,4.52934,6.84334,2.314,0.37358576791,104.644949471,35.0766666667,28.1975,,,0.227323449954,0.261377031924,0.300193078083,1.91476877712,2.34140967285,2.34140967285,2.34140967285,2.34681302022,0,0.0192467083695,0.0340535819708,0.0388160461586,1.61457569904,0.305301597598,0.410067494569,0.458924312619,1.46367153357,2.03898321929,2.03898321929,2.03898321929,2.04227191686,0,0.0161555341489,0.104765896971,0.0488568180499,1.00474722096
138,TRI-064,Center St,2017-09-06 10:32:00-04:00,2017-09-06 14:32:00+00:00,10.00,5.968,6.491,0.523,4100,5.83818,6.36118,0.523,0.998868141368,3.85594368327,34.3933333333,27.685,,,0.899075351274,0.899075351274,0.899075351274,0.915547023777,2.28414761099,2.43759438187,2.43759438187,2.43759438187,0,0.0761216719688,0.0,0.0,0.0164716725031,1.26391012964,1.26391012964,1.26391012964,1.27630470072,2.70765436672,2.82365640195,2.82365640195,2.82365640195,0,0.107010999857,0.0,0.0,0.0123945710772
139,TRI-064,Center St,2017-09-27 10:47:00-04:00,2017-09-27 14:47:00+00:00,10.00,4.58,6.819,2.239,2100,4.44362,6.68262,2.239,0.395907177196,102.016047599,33.03625,27.0108333333,,,0.0,0.0,0.0,0.0,0.00371418019159,0.00371418019159,0.00371418019159,0.00371418019159,4,0.0,0.0,0.0,0.0,0.0,0.0,0.0,0.0,0.00289830354904,0.00289830354904,0.00289830354904,0.00289830354904,4,0.0,0.0,0.0,0.0
140,TRI-064,Center St,2018-05-07 10:30:00-04:00,2018-05-07 14:30:00+00:00,20.00,4.337,4.949,0.612,2100,4.23802,4.85002,0.612,0.604304751811,77.9591219528,34.1416666667,21.4329166667,34.4454166667,22.2541666667,0.0,0.0,0.0,0.0,0.0,0.0,0.0,0.0,13,0.0,0.0,0.0,0.0,0.0,0.000775370720189,0.000775370720189,0.000775370720189,0.000775370720189,0.000775370720189,0.000775370720189,0.000775370720189,1,0.0,0.000775370720189,0.0,0.0
141,TRI-064,Center St,2018-05-21 09:50:00-04:00,2018-05-21 13:50:00+00:00,10.00,6.345,5.969,-0.376,2100,6.22562,5.84962,-0.376,0.37049208093,105.011673483,34.115,24.2416666667,34.8179166667,24.905,0.00998018030444,0.0455118802482,1.32830957998,1.54935170474,2.11789631428,2.20481022239,2.21589836476,2.21589836476,0,0.00422494071408,0.0355316999438,1.28279769973,0.221042124761,0.0171999561123,0.219230229777,1.21027651182,1.48696339866,1.94444354905,1.97717008728,1.99303798741,1.99303798741,0,0.00728131082229,0.202030273664,0.99104628204,0.276686886839
142,TRI-064,Center St,2018-06-04 10:10:00-04:00,2018-06-04 14:10:00+00:00,10.00,4.829,5.467,0.638,2200,4.71966,5.35766,0.638,0.755811722107,59.2279728287,34.5125,26.7004166667,34.0125,25.9154166667,0.0,0.275322494933,0.275322494933,0.309298483887,0.309298483887,0.906664033333,1.02182312204,3.37255002183,1,0.0,0.275322494933,0.0,0.0339759889534,0.0,0.204105060709,0.204105060709,0.213756473478,0.224151851186,0.71726450399,0.870426078032,3.01031144986,1,0.0,0.204105060709,0.0,0.00965141276921
143,TRI-064,Center St,2018-06-18 09:55:00-04:00,2018-06-18 13:55:00+00:00,10.00,6.88,6.327,-0.553,2200,6.75346,6.20046,-0.553,0.236555607111,121.795482629,34.59125,28.2304166667,34.26875,27.7529166667,0.0,0.0,0.0670759466927,0.0858519000484,0.0858519000484,0.38983764081,0.402075562474,0.837323105194,2,0.0,0.0,0.0670759466927,0.0187759533557,0.0,0.0,0.0498158850104,0.0598732133521,0.0598732133521,0.122549567605,0.12503759333,0.203579223383,2,0.0,0.0,0.0498158850104,0.0100573283416
144,TRI-064,Center St,2018-07-09 11:05:00-04:00,2018-07-09 15:05:00+00:00,10.00,5.027,6.383,1.356,2000,4.89934,6.25534,1.356,0.228140574065,122.937157862,35.305,28.7554166667,34.8579166667,29.29125,0.0,0.989873609377,1.06333277294,1.06333277294,1.13564909044,2.3181794957,2.3181794957,2.3181794957,1,0.0,0.989873609377,0.0734591635661,0.0,0.00189105367557,0.157728004825,0.15939370543,0.161190206422,0.164914075375,0.813987418284,0.813987418284,0.813987418284,0,0.000800545623695,0.15583695115,0.00166570060508,0.00179650099179
145,TRI-064,Center St,2018-07-23 10:35:00-04:00,2018-07-23 14:35:00+00:00,10.00,5.512,6.202,0.69,4300,5.38796,6.07796,0.69,0.800066796851,53.1205338108,34.2379166667,28.96875,34.0225,29.1570833333,0.0531028832385,0.0531028832385,0.507705029993,2.19125313212,3.37507771513,4.01904557406,4.27545456655,4.27545456655,0,0.0112401042158,0.0,0.454602146754,1.68354810213,0.00187619606643,0.00225302134157,0.427359928124,1.93905167325,3.290353038,3.58736763919,3.81757441645,3.81757441645,0,0.000397127952946,0.000376825275138,0.425106906783,1.51169174512
146,TRI-064,Center St,2018-08-06 10:15:00-04:00,2018-08-06 14:15:00+00:00,10.00,5.033,5.789,0.756,2000,4.91722,5.67322,0.756,0.367285787159,105.392411469,33.0491666667,28.8504166667,34.0545833333,29.2025,0.042198759072,0.117936112528,0.868360888324,1.62886760298,1.81333048441,1.96056287085,2.46694370507,4.09947007078,0,0.00446603292347,0.0757373534564,0.750424775795,0.760506714657,0.0364198003251,0.0578129384241,0.647197603801,1.33188935871,1.51278232997,1.80067535252,2.15452566472,3.70529288374,0,0.0077088535727,0.0213931380989,0.589384665377,0.684691754912
147,TRI-064,Center St,2018-08-22 09:30:00-04:00,2018-08-22 13:30:00+00:00,10.00,4.997,6.045,1.048,4200,4.8761,5.9241,1.048,0.828450282412,48.936081569,34.9845833333,27.5016666667,34.95625,28.63625,0.00624489237273,0.00624489237273,0.0507315835985,0.182934631325,0.182934631325,0.18350856837,0.18435544627,0.732868587239,0,0.00264366967687,0.0,0.0444866912257,0.132203047727,0.0170184639938,0.0170184639938,0.0518941273993,0.125710550597,0.125710550597,0.125710550597,0.125710550597,0.276026564071,0,0.00720447920028,0.0,0.0348756634055,0.0738164231977
148,TRI-064,Center St,2018-09-26 10:00:00-04:00,2018-09-26 14:00:00+00:00,10.00,5.699,6.55,0.851,4000,5.568,6.419,0.851,0.990335785074,11.283346608,26.65125,27.9229166667,34.8366666667,28.6725,0.0,5.45881711759e-05,5.45881711759e-05,5.45881711759e-05,5.45881711759e-05,5.45881711759e-05,5.45881711759e-05,0.119932720576,1,0.0,5.45881711759e-05,0.0,0.0,0.0,0.0,0.0,0.0,0.0,0.00575557154426,0.00575557154426,0.202327387269,5,0.0,0.0,0.0,0.0
